eventId,userId,reaction,timestamp
645a47551ea2ae40b211ca64,ASWaWCYrTh3RpzUfABFP,🙂,1684322130330
645a47551ea2ae40b211ca64,ASWaWCYrTh3RpzUfABFP,🙄,1684322128746
645a47551ea2ae40b211ca64,ASWaWCYrTh3RpzUfABFP,🙄,1684322089107
645a47551ea2ae40b211ca64,-LmIQ9p-JQZ4zocTABFV,👎,1684322086880
645a47551ea2ae40b211ca64,-LmIQ9p-JQZ4zocTABFV,🙂,1684322078234
645a47551ea2ae40b211ca64,ASWaWCYrTh3RpzUfABFP,🙂,1684322073981
645a47551ea2ae40b211ca64,ASWaWCYrTh3RpzUfABFP,👏,1684322019750
645a47551ea2ae40b211ca64,YJfM84FKuFhTIusYABFN,👎,1684321990702
645a47551ea2ae40b211ca64,YJfM84FKuFhTIusYABFN,👏,1684321988836
645a47551ea2ae40b211ca64,qHs_KCy0BdF2HU9_ABEY,🙂,1683747582005
645a47551ea2ae40b211ca64,-kUlD_5vTXN7QVrCABEP,👏,1683743688688
645a47551ea2ae40b211ca64,o-kTHmkKyRlTV-A1ABCj,👏,1683728748328
645a47551ea2ae40b211ca64,yaxcPo-ywmKiourWABCS,😍,1683727298990
645a47551ea2ae40b211ca64,t4acEalicHyfrdb3ABCI,👍,1683726844031
645a47551ea2ae40b211ca64,eZvJMvv5haZA8Ez7ABBp,👍,1683726610080
645a47551ea2ae40b211ca64,hzkrFpPp0vr5BYR5ABB4,👏,1683726596975
645a47551ea2ae40b211ca64,JwSpWqvSDFcmE8bMABBi,👏,1683726271612
645a47551ea2ae40b211ca64,veO_1D-IKK8t2DQPABBg,👏,1683726245703
645a47551ea2ae40b211ca64,6KwG7jKyT0EgiXMqABAy,👍,1683726220453
645a47551ea2ae40b211ca64,zazqHVrclr98VRAzAA_j,👏,1683726211950
645a47551ea2ae40b211ca64,eXmrphu8ls2jC-ELABBV,👏,1683726210287
645a47551ea2ae40b211ca64,eXmrphu8ls2jC-ELABBV,👏,1683726209891
645a47551ea2ae40b211ca64,eXmrphu8ls2jC-ELABBV,👏,1683726208705
645a47551ea2ae40b211ca64,lkewAiKSXhl4gxSZABBK,👏,1683726204818
645a47551ea2ae40b211ca64,lkewAiKSXhl4gxSZABBK,👏,1683726202588
645a47551ea2ae40b211ca64,bHSDqln0FCqF0TbwAA_m,🙂,1683726202092
645a47551ea2ae40b211ca64,zazqHVrclr98VRAzAA_j,👏,1683726193174
645a47551ea2ae40b211ca64,zazqHVrclr98VRAzAA_j,👏,1683726193023
645a47551ea2ae40b211ca64,zazqHVrclr98VRAzAA_j,👏,1683726192842
645a47551ea2ae40b211ca64,nxPBUybWsf21aARKABBD,👏,1683726142275
645a47551ea2ae40b211ca64,zazqHVrclr98VRAzAA_j,👍,1683726139872
645a47551ea2ae40b211ca64,zazqHVrclr98VRAzAA_j,👍,1683726139700
645a47551ea2ae40b211ca64,SMmXE5wbVUAikmP5ABBA,👍,1683726103491
645a47551ea2ae40b211ca64,bHSDqln0FCqF0TbwAA_m,👏,1683726092106
645a47551ea2ae40b211ca64,eVNCLOpkQDLL45V1ABAq,👍,1683726060404
645a47551ea2ae40b211ca64,eVNCLOpkQDLL45V1ABAq,👏,1683726057333
645a47551ea2ae40b211ca64,eVNCLOpkQDLL45V1ABAq,👏,1683726014491
645a47551ea2ae40b211ca64,hT0ZEvZVbjg306obABA6,👎,1683725972536
645a47551ea2ae40b211ca64,MoGH6Tup4_ThJYJCABA4,👏,1683725968260
645a47551ea2ae40b211ca64,VEShrxbdfVvk3arSABA2,🙂,1683725948619
645a47551ea2ae40b211ca64,VEShrxbdfVvk3arSABA2,🙂,1683725948619
645a47551ea2ae40b211ca64,VEShrxbdfVvk3arSABA2,🙂,1683725948618
645a47551ea2ae40b211ca64,VEShrxbdfVvk3arSABA2,🙂,1683725948618
645a47551ea2ae40b211ca64,VEShrxbdfVvk3arSABA2,🙂,1683725948618
645a47551ea2ae40b211ca64,VEShrxbdfVvk3arSABA2,🙂,1683725948618
645a47551ea2ae40b211ca64,VEShrxbdfVvk3arSABA2,🙂,1683725948616
645a47551ea2ae40b211ca64,VEShrxbdfVvk3arSABA2,🙂,1683725948615
645a47551ea2ae40b211ca64,VEShrxbdfVvk3arSABA2,🙂,1683725948615
645a47551ea2ae40b211ca64,VEShrxbdfVvk3arSABA2,🙂,1683725948615
645a47551ea2ae40b211ca64,VEShrxbdfVvk3arSABA2,🙂,1683725948615
645a47551ea2ae40b211ca64,VEShrxbdfVvk3arSABA2,🙂,1683725948615
645a47551ea2ae40b211ca64,VEShrxbdfVvk3arSABA2,🙂,1683725948615
645a47551ea2ae40b211ca64,VEShrxbdfVvk3arSABA2,🙂,1683725948615
645a47551ea2ae40b211ca64,VEShrxbdfVvk3arSABA2,🙂,1683725948614
645a47551ea2ae40b211ca64,VEShrxbdfVvk3arSABA2,🙂,1683725948614
645a47551ea2ae40b211ca64,VEShrxbdfVvk3arSABA2,🙂,1683725948614
645a47551ea2ae40b211ca64,VEShrxbdfVvk3arSABA2,🙂,1683725948614
645a47551ea2ae40b211ca64,VEShrxbdfVvk3arSABA2,🙂,1683725948614
645a47551ea2ae40b211ca64,VEShrxbdfVvk3arSABA2,🙂,1683725948614
645a47551ea2ae40b211ca64,VEShrxbdfVvk3arSABA2,🙂,1683725948613
645a47551ea2ae40b211ca64,VEShrxbdfVvk3arSABA2,🙂,1683725948613
645a47551ea2ae40b211ca64,VEShrxbdfVvk3arSABA2,🙂,1683725948613
645a47551ea2ae40b211ca64,VEShrxbdfVvk3arSABA2,🙂,1683725948613
645a47551ea2ae40b211ca64,VEShrxbdfVvk3arSABA2,🙂,1683725948613
645a47551ea2ae40b211ca64,VEShrxbdfVvk3arSABA2,🙂,1683725948613
645a47551ea2ae40b211ca64,VEShrxbdfVvk3arSABA2,🙂,1683725948612
645a47551ea2ae40b211ca64,VEShrxbdfVvk3arSABA2,🙂,1683725948612
645a47551ea2ae40b211ca64,VEShrxbdfVvk3arSABA2,🙂,1683725948612
645a47551ea2ae40b211ca64,VEShrxbdfVvk3arSABA2,🙂,1683725948612
645a47551ea2ae40b211ca64,VEShrxbdfVvk3arSABA2,🙂,1683725948612
645a47551ea2ae40b211ca64,VEShrxbdfVvk3arSABA2,🙂,1683725948612
645a47551ea2ae40b211ca64,VEShrxbdfVvk3arSABA2,🙂,1683725948612
645a47551ea2ae40b211ca64,VEShrxbdfVvk3arSABA2,🙂,1683725948611
645a47551ea2ae40b211ca64,VEShrxbdfVvk3arSABA2,🙂,1683725948611
645a47551ea2ae40b211ca64,VEShrxbdfVvk3arSABA2,🙂,1683725948611
645a47551ea2ae40b211ca64,VEShrxbdfVvk3arSABA2,🙂,1683725948611
645a47551ea2ae40b211ca64,VEShrxbdfVvk3arSABA2,🙂,1683725948611
645a47551ea2ae40b211ca64,VEShrxbdfVvk3arSABA2,🙂,1683725948610
645a47551ea2ae40b211ca64,VEShrxbdfVvk3arSABA2,🙂,1683725948609
645a47551ea2ae40b211ca64,VEShrxbdfVvk3arSABA2,🙂,1683725948609
645a47551ea2ae40b211ca64,VEShrxbdfVvk3arSABA2,🙂,1683725948608
645a47551ea2ae40b211ca64,VEShrxbdfVvk3arSABA2,🙂,1683725948608
645a47551ea2ae40b211ca64,VEShrxbdfVvk3arSABA2,🙂,1683725948608
645a47551ea2ae40b211ca64,VEShrxbdfVvk3arSABA2,🙂,1683725948608
645a47551ea2ae40b211ca64,VEShrxbdfVvk3arSABA2,🙂,1683725948608
645a47551ea2ae40b211ca64,VEShrxbdfVvk3arSABA2,🙂,1683725948608
645a47551ea2ae40b211ca64,VEShrxbdfVvk3arSABA2,🙂,1683725948608
645a47551ea2ae40b211ca64,VEShrxbdfVvk3arSABA2,🙂,1683725948607
645a47551ea2ae40b211ca64,VEShrxbdfVvk3arSABA2,🙂,1683725948607
645a47551ea2ae40b211ca64,VEShrxbdfVvk3arSABA2,🙂,1683725948607
645a47551ea2ae40b211ca64,VEShrxbdfVvk3arSABA2,🙂,1683725948607
645a47551ea2ae40b211ca64,VEShrxbdfVvk3arSABA2,🙂,1683725948607
645a47551ea2ae40b211ca64,VEShrxbdfVvk3arSABA2,🙂,1683725948607
645a47551ea2ae40b211ca64,VEShrxbdfVvk3arSABA2,🙂,1683725948606
645a47551ea2ae40b211ca64,VEShrxbdfVvk3arSABA2,🙂,1683725948606
645a47551ea2ae40b211ca64,VEShrxbdfVvk3arSABA2,🙂,1683725948606
645a47551ea2ae40b211ca64,VEShrxbdfVvk3arSABA2,🙂,1683725948606
645a47551ea2ae40b211ca64,VEShrxbdfVvk3arSABA2,🙂,1683725948606
645a47551ea2ae40b211ca64,VEShrxbdfVvk3arSABA2,🙂,1683725948606
645a47551ea2ae40b211ca64,VEShrxbdfVvk3arSABA2,🙂,1683725948605
645a47551ea2ae40b211ca64,VEShrxbdfVvk3arSABA2,🙂,1683725948605
645a47551ea2ae40b211ca64,VEShrxbdfVvk3arSABA2,🙂,1683725948605
645a47551ea2ae40b211ca64,VEShrxbdfVvk3arSABA2,🙂,1683725948605
645a47551ea2ae40b211ca64,VEShrxbdfVvk3arSABA2,🙂,1683725948605
645a47551ea2ae40b211ca64,VEShrxbdfVvk3arSABA2,🙂,1683725948605
645a47551ea2ae40b211ca64,VEShrxbdfVvk3arSABA2,🙂,1683725948604
645a47551ea2ae40b211ca64,VEShrxbdfVvk3arSABA2,🙂,1683725948604
645a47551ea2ae40b211ca64,VEShrxbdfVvk3arSABA2,🙂,1683725948604
645a47551ea2ae40b211ca64,VEShrxbdfVvk3arSABA2,🙂,1683725948604
645a47551ea2ae40b211ca64,VEShrxbdfVvk3arSABA2,🙂,1683725948604
645a47551ea2ae40b211ca64,VEShrxbdfVvk3arSABA2,🙂,1683725948604
645a47551ea2ae40b211ca64,VEShrxbdfVvk3arSABA2,🙂,1683725948603
645a47551ea2ae40b211ca64,VEShrxbdfVvk3arSABA2,🙂,1683725948603
645a47551ea2ae40b211ca64,VEShrxbdfVvk3arSABA2,🙂,1683725948603
645a47551ea2ae40b211ca64,VEShrxbdfVvk3arSABA2,🙂,1683725948602
645a47551ea2ae40b211ca64,VEShrxbdfVvk3arSABA2,🙂,1683725947745
645a47551ea2ae40b211ca64,_mL6d33qZbsoAcWJAA9r,👍,1683725797390
645a47551ea2ae40b211ca64,zazqHVrclr98VRAzAA_j,👍,1683725786434
645a47551ea2ae40b211ca64,WN-ypNipSv5rQDbLABAe,👍,1683725703543
645a47551ea2ae40b211ca64,plvqueizrhyODbNdABAc,👍,1683725681041
645a47551ea2ae40b211ca64,VdD_sV3GzS_Rj1iqABAR,🙁,1683725560955
645a47551ea2ae40b211ca64,28MOkhkqgfgmlPvgABAH,👍,1683725376324
645a47551ea2ae40b211ca64,zazqHVrclr98VRAzAA_j,👍,1683725362724
645a47551ea2ae40b211ca64,zazqHVrclr98VRAzAA_j,👍,1683725362561
645a47551ea2ae40b211ca64,3G3qv2B0eroqwatbAA_x,👏,1683725341360
645a47551ea2ae40b211ca64,3G3qv2B0eroqwatbAA_x,👏,1683725340749
645a47551ea2ae40b211ca64,3G3qv2B0eroqwatbAA_x,👏,1683725339693
645a47551ea2ae40b211ca64,3G3qv2B0eroqwatbAA_x,🙂,1683725193112
645a47551ea2ae40b211ca64,3G3qv2B0eroqwatbAA_x,🙂,1683725192692
645a47551ea2ae40b211ca64,3G3qv2B0eroqwatbAA_x,🙂,1683725192691
645a47551ea2ae40b211ca64,3G3qv2B0eroqwatbAA_x,🙂,1683725191901
645a47551ea2ae40b211ca64,3G3qv2B0eroqwatbAA_x,🙂,1683725189873
645a47551ea2ae40b211ca64,zazqHVrclr98VRAzAA_j,👏,1683725160628
645a47551ea2ae40b211ca64,zazqHVrclr98VRAzAA_j,👏,1683725160479
645a47551ea2ae40b211ca64,_mL6d33qZbsoAcWJAA9r,🙁,1683725133010
645a47551ea2ae40b211ca64,wh1cc-TRa7dZvXexAA_3,👍,1683725037329
645a47551ea2ae40b211ca64,wh1cc-TRa7dZvXexAA_3,👍,1683725037080
645a47551ea2ae40b211ca64,bHSDqln0FCqF0TbwAA_m,🙂,1683724973101
645a47551ea2ae40b211ca64,3G3qv2B0eroqwatbAA_x,🙂,1683724972138
645a47551ea2ae40b211ca64,3G3qv2B0eroqwatbAA_x,🙂,1683724971875
645a47551ea2ae40b211ca64,3G3qv2B0eroqwatbAA_x,🙂,1683724971874
645a47551ea2ae40b211ca64,3G3qv2B0eroqwatbAA_x,🙂,1683724968523
645a47551ea2ae40b211ca64,3G3qv2B0eroqwatbAA_x,🙂,1683724967631
645a47551ea2ae40b211ca64,3G3qv2B0eroqwatbAA_x,🙂,1683724966017
645a47551ea2ae40b211ca64,zazqHVrclr98VRAzAA_j,👍,1683724959977
645a47551ea2ae40b211ca64,zazqHVrclr98VRAzAA_j,👍,1683724959977
645a47551ea2ae40b211ca64,zazqHVrclr98VRAzAA_j,👍,1683724959977
645a47551ea2ae40b211ca64,zazqHVrclr98VRAzAA_j,👍,1683724959667
645a47551ea2ae40b211ca64,mU-gJIxtzCB1esqQAA_D,👏,1683724947245
645a47551ea2ae40b211ca64,PvFH93xn78lBpS-3AA_z,🙂,1683724941077
645a47551ea2ae40b211ca64,PvFH93xn78lBpS-3AA_z,🙂,1683724940414
645a47551ea2ae40b211ca64,PvFH93xn78lBpS-3AA_z,🙂,1683724940413
645a47551ea2ae40b211ca64,PvFH93xn78lBpS-3AA_z,🙂,1683724940413
645a47551ea2ae40b211ca64,PvFH93xn78lBpS-3AA_z,🙂,1683724939971
645a47551ea2ae40b211ca64,PvFH93xn78lBpS-3AA_z,🙂,1683724939971
645a47551ea2ae40b211ca64,PvFH93xn78lBpS-3AA_z,🙂,1683724939971
645a47551ea2ae40b211ca64,PvFH93xn78lBpS-3AA_z,🙂,1683724939971
645a47551ea2ae40b211ca64,PvFH93xn78lBpS-3AA_z,🙂,1683724939970
645a47551ea2ae40b211ca64,PvFH93xn78lBpS-3AA_z,🙂,1683724939547
645a47551ea2ae40b211ca64,PvFH93xn78lBpS-3AA_z,🙂,1683724939547
645a47551ea2ae40b211ca64,PvFH93xn78lBpS-3AA_z,🙂,1683724939547
645a47551ea2ae40b211ca64,PvFH93xn78lBpS-3AA_z,🙂,1683724939545
645a47551ea2ae40b211ca64,PvFH93xn78lBpS-3AA_z,🙂,1683724939545
645a47551ea2ae40b211ca64,PvFH93xn78lBpS-3AA_z,🙂,1683724939545
645a47551ea2ae40b211ca64,PvFH93xn78lBpS-3AA_z,🙂,1683724939545
645a47551ea2ae40b211ca64,PvFH93xn78lBpS-3AA_z,🙂,1683724939544
645a47551ea2ae40b211ca64,PvFH93xn78lBpS-3AA_z,🙂,1683724938741
645a47551ea2ae40b211ca64,PvFH93xn78lBpS-3AA_z,🙂,1683724938741
645a47551ea2ae40b211ca64,PvFH93xn78lBpS-3AA_z,🙂,1683724938741
645a47551ea2ae40b211ca64,PvFH93xn78lBpS-3AA_z,🙂,1683724938741
645a47551ea2ae40b211ca64,PvFH93xn78lBpS-3AA_z,🙂,1683724938741
645a47551ea2ae40b211ca64,PvFH93xn78lBpS-3AA_z,🙂,1683724938740
645a47551ea2ae40b211ca64,PvFH93xn78lBpS-3AA_z,🙂,1683724938740
645a47551ea2ae40b211ca64,PvFH93xn78lBpS-3AA_z,🙂,1683724938740
645a47551ea2ae40b211ca64,PvFH93xn78lBpS-3AA_z,🙂,1683724938740
645a47551ea2ae40b211ca64,PvFH93xn78lBpS-3AA_z,🙂,1683724938740
645a47551ea2ae40b211ca64,PvFH93xn78lBpS-3AA_z,🙂,1683724938740
645a47551ea2ae40b211ca64,PvFH93xn78lBpS-3AA_z,🙂,1683724938739
645a47551ea2ae40b211ca64,PvFH93xn78lBpS-3AA_z,🙂,1683724938739
645a47551ea2ae40b211ca64,PvFH93xn78lBpS-3AA_z,🙂,1683724938739
645a47551ea2ae40b211ca64,PvFH93xn78lBpS-3AA_z,🙂,1683724938739
645a47551ea2ae40b211ca64,PvFH93xn78lBpS-3AA_z,🙂,1683724938739
645a47551ea2ae40b211ca64,PvFH93xn78lBpS-3AA_z,🙂,1683724938739
645a47551ea2ae40b211ca64,PvFH93xn78lBpS-3AA_z,🙂,1683724938739
645a47551ea2ae40b211ca64,PvFH93xn78lBpS-3AA_z,🙂,1683724938738
645a47551ea2ae40b211ca64,PvFH93xn78lBpS-3AA_z,🙂,1683724938738
645a47551ea2ae40b211ca64,PvFH93xn78lBpS-3AA_z,🙂,1683724938738
645a47551ea2ae40b211ca64,PvFH93xn78lBpS-3AA_z,🙂,1683724938738
645a47551ea2ae40b211ca64,PvFH93xn78lBpS-3AA_z,🙂,1683724938738
645a47551ea2ae40b211ca64,PvFH93xn78lBpS-3AA_z,🙂,1683724938737
645a47551ea2ae40b211ca64,PvFH93xn78lBpS-3AA_z,🙂,1683724938737
645a47551ea2ae40b211ca64,PvFH93xn78lBpS-3AA_z,🙂,1683724938737
645a47551ea2ae40b211ca64,PvFH93xn78lBpS-3AA_z,🙂,1683724938736
645a47551ea2ae40b211ca64,PvFH93xn78lBpS-3AA_z,🙂,1683724938736
645a47551ea2ae40b211ca64,PvFH93xn78lBpS-3AA_z,🙂,1683724938735
645a47551ea2ae40b211ca64,PvFH93xn78lBpS-3AA_z,🙂,1683724938735
645a47551ea2ae40b211ca64,PvFH93xn78lBpS-3AA_z,🙂,1683724938735
645a47551ea2ae40b211ca64,PvFH93xn78lBpS-3AA_z,🙂,1683724938735
645a47551ea2ae40b211ca64,PvFH93xn78lBpS-3AA_z,🙂,1683724938735
645a47551ea2ae40b211ca64,PvFH93xn78lBpS-3AA_z,🙂,1683724938735
645a47551ea2ae40b211ca64,PvFH93xn78lBpS-3AA_z,🙂,1683724938734
645a47551ea2ae40b211ca64,PvFH93xn78lBpS-3AA_z,🙂,1683724938734
645a47551ea2ae40b211ca64,PvFH93xn78lBpS-3AA_z,🙂,1683724938734
645a47551ea2ae40b211ca64,PvFH93xn78lBpS-3AA_z,🙂,1683724938734
645a47551ea2ae40b211ca64,PvFH93xn78lBpS-3AA_z,🙂,1683724938734
645a47551ea2ae40b211ca64,PvFH93xn78lBpS-3AA_z,🙂,1683724938734
645a47551ea2ae40b211ca64,PvFH93xn78lBpS-3AA_z,🙂,1683724938733
645a47551ea2ae40b211ca64,PvFH93xn78lBpS-3AA_z,🙂,1683724938733
645a47551ea2ae40b211ca64,PvFH93xn78lBpS-3AA_z,🙂,1683724938733
645a47551ea2ae40b211ca64,PvFH93xn78lBpS-3AA_z,🙂,1683724938733
645a47551ea2ae40b211ca64,PvFH93xn78lBpS-3AA_z,🙂,1683724938733
645a47551ea2ae40b211ca64,PvFH93xn78lBpS-3AA_z,🙂,1683724938732
645a47551ea2ae40b211ca64,PvFH93xn78lBpS-3AA_z,🙂,1683724937565
645a47551ea2ae40b211ca64,mU-gJIxtzCB1esqQAA_D,👍,1683724923286
645a47551ea2ae40b211ca64,v6RbHl7_yHupM55ZAA_q,👏,1683724898959
645a47551ea2ae40b211ca64,v6RbHl7_yHupM55ZAA_q,👏,1683724898959
645a47551ea2ae40b211ca64,v6RbHl7_yHupM55ZAA_q,👏,1683724898956
645a47551ea2ae40b211ca64,v6RbHl7_yHupM55ZAA_q,👏,1683724898956
645a47551ea2ae40b211ca64,v6RbHl7_yHupM55ZAA_q,👍,1683724898955
645a47551ea2ae40b211ca64,v6RbHl7_yHupM55ZAA_q,👍,1683724898955
645a47551ea2ae40b211ca64,v6RbHl7_yHupM55ZAA_q,👏,1683724898955
645a47551ea2ae40b211ca64,v6RbHl7_yHupM55ZAA_q,👏,1683724898955
645a47551ea2ae40b211ca64,v6RbHl7_yHupM55ZAA_q,👏,1683724898955
645a47551ea2ae40b211ca64,v6RbHl7_yHupM55ZAA_q,👏,1683724898955
645a47551ea2ae40b211ca64,v6RbHl7_yHupM55ZAA_q,👏,1683724898954
645a47551ea2ae40b211ca64,v6RbHl7_yHupM55ZAA_q,👏,1683724898954
645a47551ea2ae40b211ca64,v6RbHl7_yHupM55ZAA_q,👍,1683724898954
645a47551ea2ae40b211ca64,v6RbHl7_yHupM55ZAA_q,👍,1683724898954
645a47551ea2ae40b211ca64,v6RbHl7_yHupM55ZAA_q,👍,1683724898954
645a47551ea2ae40b211ca64,v6RbHl7_yHupM55ZAA_q,👏,1683724898953
645a47551ea2ae40b211ca64,v6RbHl7_yHupM55ZAA_q,👏,1683724898953
645a47551ea2ae40b211ca64,v6RbHl7_yHupM55ZAA_q,👏,1683724898953
645a47551ea2ae40b211ca64,v6RbHl7_yHupM55ZAA_q,👍,1683724898952
645a47551ea2ae40b211ca64,v6RbHl7_yHupM55ZAA_q,👍,1683724898951
645a47551ea2ae40b211ca64,v6RbHl7_yHupM55ZAA_q,👍,1683724898951
645a47551ea2ae40b211ca64,v6RbHl7_yHupM55ZAA_q,🙂,1683724898951
645a47551ea2ae40b211ca64,v6RbHl7_yHupM55ZAA_q,👍,1683724898951
645a47551ea2ae40b211ca64,v6RbHl7_yHupM55ZAA_q,👍,1683724898951
645a47551ea2ae40b211ca64,v6RbHl7_yHupM55ZAA_q,👍,1683724898950
645a47551ea2ae40b211ca64,nCHECfXOR8jm2bnLAA_c,👍,1683724849768
645a47551ea2ae40b211ca64,nCHECfXOR8jm2bnLAA_c,👍,1683724849767
645a47551ea2ae40b211ca64,nCHECfXOR8jm2bnLAA_c,👍,1683724848500
645a47551ea2ae40b211ca64,zazqHVrclr98VRAzAA_j,👍,1683724822818
645a47551ea2ae40b211ca64,zazqHVrclr98VRAzAA_j,👍,1683724797227
645a47551ea2ae40b211ca64,37e-78di1cP6ZFT6AA_a,👍,1683724777770
645a47551ea2ae40b211ca64,37e-78di1cP6ZFT6AA_a,👍,1683724776125
645a47551ea2ae40b211ca64,wgf6idcGwVXiEY3rAA_h,🙄,1683724761649
645a47551ea2ae40b211ca64,4A1XvureJAMrOnJ9AA_Y,👏,1683724705309
645a47551ea2ae40b211ca64,4A1XvureJAMrOnJ9AA_Y,👏,1683724705309
645a47551ea2ae40b211ca64,4A1XvureJAMrOnJ9AA_Y,👏,1683724705309
645a47551ea2ae40b211ca64,Tp6iOa1etcSiiyBKAA_U,👏,1683724701221
645a47551ea2ae40b211ca64,4A1XvureJAMrOnJ9AA_Y,👏,1683724700928
645a47551ea2ae40b211ca64,Tp6iOa1etcSiiyBKAA_U,🙂,1683724700667
645a47551ea2ae40b211ca64,SjHWv42LlzDb-pe-AA_W,🙂,1683724696063
645a47551ea2ae40b211ca64,mU-gJIxtzCB1esqQAA_D,🙂,1683724688368
645a47551ea2ae40b211ca64,1rcBJhJGKVV9u18gAA_K,👍,1683724631985
645a47551ea2ae40b211ca64,1rcBJhJGKVV9u18gAA_K,👍,1683724631985
645a47551ea2ae40b211ca64,1rcBJhJGKVV9u18gAA_K,👍,1683724631602
645a47551ea2ae40b211ca64,pMwJUajavwXiCSD1AA_O,👍,1683724612241
645a47551ea2ae40b211ca64,ThGkcRXxQCkXP2dHAA8y,🙄,1683724610957
645a47551ea2ae40b211ca64,cf_8UaUgDYVC76IOAA_M,👏,1683724603091
645a47551ea2ae40b211ca64,cf_8UaUgDYVC76IOAA_M,👍,1683724596612
645a47551ea2ae40b211ca64,1rcBJhJGKVV9u18gAA_K,🙂,1683724578200
645a47551ea2ae40b211ca64,1rcBJhJGKVV9u18gAA_K,🙂,1683724578200
645a47551ea2ae40b211ca64,1rcBJhJGKVV9u18gAA_K,🙂,1683724578200
645a47551ea2ae40b211ca64,1rcBJhJGKVV9u18gAA_K,🙂,1683724578200
645a47551ea2ae40b211ca64,1rcBJhJGKVV9u18gAA_K,🙂,1683724578200
645a47551ea2ae40b211ca64,1rcBJhJGKVV9u18gAA_K,🙂,1683724578199
645a47551ea2ae40b211ca64,1rcBJhJGKVV9u18gAA_K,🙂,1683724578199
645a47551ea2ae40b211ca64,1rcBJhJGKVV9u18gAA_K,🙂,1683724578199
645a47551ea2ae40b211ca64,1rcBJhJGKVV9u18gAA_K,🙂,1683724576356
645a47551ea2ae40b211ca64,ryB2LTMjkmwgB1OwAA-r,🙂,1683724573436
645a47551ea2ae40b211ca64,3tvOU6qEmWsb7EUWAA-_,👏,1683724567241
645a47551ea2ae40b211ca64,3tvOU6qEmWsb7EUWAA-_,👏,1683724566608
645a47551ea2ae40b211ca64,ThGkcRXxQCkXP2dHAA8y,👍,1683724476238
645a47551ea2ae40b211ca64,fcP5S_DrkFTGBOGLAA-6,🙂,1683724467104
645a47551ea2ae40b211ca64,fcP5S_DrkFTGBOGLAA-6,🙂,1683724467103
645a47551ea2ae40b211ca64,tggEw90VmbtL9QqEAA-5,🙄,1683724451314
645a47551ea2ae40b211ca64,m76XXmuBeEfqRqM_AA-2,👍,1683724405804
645a47551ea2ae40b211ca64,9QwYZHJRtECYXli7AA-v,🙂,1683724383526
645a47551ea2ae40b211ca64,9QwYZHJRtECYXli7AA-v,🙂,1683724383526
645a47551ea2ae40b211ca64,9QwYZHJRtECYXli7AA-v,🙂,1683724383526
645a47551ea2ae40b211ca64,9QwYZHJRtECYXli7AA-v,🙂,1683724383526
645a47551ea2ae40b211ca64,9QwYZHJRtECYXli7AA-v,🙂,1683724383526
645a47551ea2ae40b211ca64,9QwYZHJRtECYXli7AA-v,🙂,1683724383525
645a47551ea2ae40b211ca64,9QwYZHJRtECYXli7AA-v,🙂,1683724383525
645a47551ea2ae40b211ca64,9QwYZHJRtECYXli7AA-v,🙂,1683724383525
645a47551ea2ae40b211ca64,9QwYZHJRtECYXli7AA-v,🙂,1683724383525
645a47551ea2ae40b211ca64,9QwYZHJRtECYXli7AA-v,🙂,1683724383525
645a47551ea2ae40b211ca64,9QwYZHJRtECYXli7AA-v,🙂,1683724383525
645a47551ea2ae40b211ca64,9QwYZHJRtECYXli7AA-v,🙂,1683724383524
645a47551ea2ae40b211ca64,9QwYZHJRtECYXli7AA-v,🙂,1683724382548
645a47551ea2ae40b211ca64,9QwYZHJRtECYXli7AA-v,🙂,1683724382548
645a47551ea2ae40b211ca64,9QwYZHJRtECYXli7AA-v,🙂,1683724382547
645a47551ea2ae40b211ca64,9QwYZHJRtECYXli7AA-v,🙂,1683724382547
645a47551ea2ae40b211ca64,9QwYZHJRtECYXli7AA-v,🙂,1683724382547
645a47551ea2ae40b211ca64,9QwYZHJRtECYXli7AA-v,🙂,1683724382547
645a47551ea2ae40b211ca64,9QwYZHJRtECYXli7AA-v,🙂,1683724382547
645a47551ea2ae40b211ca64,9QwYZHJRtECYXli7AA-v,🙂,1683724382547
645a47551ea2ae40b211ca64,9QwYZHJRtECYXli7AA-v,🙂,1683724382546
645a47551ea2ae40b211ca64,9QwYZHJRtECYXli7AA-v,🙂,1683724382546
645a47551ea2ae40b211ca64,9QwYZHJRtECYXli7AA-v,🙂,1683724382546
645a47551ea2ae40b211ca64,9QwYZHJRtECYXli7AA-v,🙂,1683724382546
645a47551ea2ae40b211ca64,9QwYZHJRtECYXli7AA-v,🙂,1683724382546
645a47551ea2ae40b211ca64,9QwYZHJRtECYXli7AA-v,🙂,1683724382545
645a47551ea2ae40b211ca64,ThGkcRXxQCkXP2dHAA8y,🙄,1683724381428
645a47551ea2ae40b211ca64,9QwYZHJRtECYXli7AA-v,🙂,1683724380620
645a47551ea2ae40b211ca64,_qhi47eDaqRSBoDlAA5_,🙂,1683724380153
645a47551ea2ae40b211ca64,ujhNylv9qmmQz9xnAA-x,👍,1683724379098
645a47551ea2ae40b211ca64,9QwYZHJRtECYXli7AA-v,🙂,1683724378920
645a47551ea2ae40b211ca64,Zxd3_2Uk4QNji7R8AA-z,👏,1683724368411
645a47551ea2ae40b211ca64,9QwYZHJRtECYXli7AA-v,🙂,1683724364129
645a47551ea2ae40b211ca64,9QwYZHJRtECYXli7AA-v,🙂,1683724364129
645a47551ea2ae40b211ca64,9QwYZHJRtECYXli7AA-v,🙂,1683724364128
645a47551ea2ae40b211ca64,9QwYZHJRtECYXli7AA-v,🙂,1683724364128
645a47551ea2ae40b211ca64,9QwYZHJRtECYXli7AA-v,🙂,1683724364128
645a47551ea2ae40b211ca64,9QwYZHJRtECYXli7AA-v,🙂,1683724364128
645a47551ea2ae40b211ca64,9QwYZHJRtECYXli7AA-v,🙂,1683724364128
645a47551ea2ae40b211ca64,9QwYZHJRtECYXli7AA-v,🙂,1683724364128
645a47551ea2ae40b211ca64,9QwYZHJRtECYXli7AA-v,🙂,1683724364127
645a47551ea2ae40b211ca64,9QwYZHJRtECYXli7AA-v,🙂,1683724364127
645a47551ea2ae40b211ca64,9QwYZHJRtECYXli7AA-v,🙂,1683724364127
645a47551ea2ae40b211ca64,9QwYZHJRtECYXli7AA-v,🙂,1683724364127
645a47551ea2ae40b211ca64,9QwYZHJRtECYXli7AA-v,🙂,1683724364127
645a47551ea2ae40b211ca64,9QwYZHJRtECYXli7AA-v,🙂,1683724364127
645a47551ea2ae40b211ca64,9QwYZHJRtECYXli7AA-v,🙂,1683724364126
645a47551ea2ae40b211ca64,9QwYZHJRtECYXli7AA-v,🙂,1683724364126
645a47551ea2ae40b211ca64,9QwYZHJRtECYXli7AA-v,🙂,1683724364126
645a47551ea2ae40b211ca64,9QwYZHJRtECYXli7AA-v,🙂,1683724364126
645a47551ea2ae40b211ca64,9QwYZHJRtECYXli7AA-v,🙂,1683724364126
645a47551ea2ae40b211ca64,9QwYZHJRtECYXli7AA-v,🙂,1683724364125
645a47551ea2ae40b211ca64,9QwYZHJRtECYXli7AA-v,🙂,1683724364125
645a47551ea2ae40b211ca64,9QwYZHJRtECYXli7AA-v,🙂,1683724364125
645a47551ea2ae40b211ca64,9QwYZHJRtECYXli7AA-v,🙂,1683724364125
645a47551ea2ae40b211ca64,9QwYZHJRtECYXli7AA-v,🙂,1683724364125
645a47551ea2ae40b211ca64,9QwYZHJRtECYXli7AA-v,🙂,1683724364125
645a47551ea2ae40b211ca64,9QwYZHJRtECYXli7AA-v,🙂,1683724364124
645a47551ea2ae40b211ca64,9QwYZHJRtECYXli7AA-v,🙂,1683724363813
645a47551ea2ae40b211ca64,W9TECFPc6kV-MKDUAA-p,🙂,1683724360381
645a47551ea2ae40b211ca64,W9TECFPc6kV-MKDUAA-p,🙂,1683724360381
645a47551ea2ae40b211ca64,W9TECFPc6kV-MKDUAA-p,🙂,1683724356069
645a47551ea2ae40b211ca64,6dYpe2RbMHB6rDr_AA-h,🙄,1683724334944
645a47551ea2ae40b211ca64,BeN-amL3C-oeB4h4AA-D,👍,1683724252721
645a47551ea2ae40b211ca64,_qhi47eDaqRSBoDlAA5_,👏,1683724252614
645a47551ea2ae40b211ca64,ThGkcRXxQCkXP2dHAA8y,🙄,1683724242826
645a47551ea2ae40b211ca64,ThGkcRXxQCkXP2dHAA8y,👏,1683724228842
645a47551ea2ae40b211ca64,ThGkcRXxQCkXP2dHAA8y,👏,1683724165141
645a47551ea2ae40b211ca64,ThGkcRXxQCkXP2dHAA8y,👏,1683724164395
645a47551ea2ae40b211ca64,_qhi47eDaqRSBoDlAA5_,👍,1683724139285
645a47551ea2ae40b211ca64,1MS8LPJbXViIy4uUAA8L,🙂,1683724137133
645a47551ea2ae40b211ca64,1MS8LPJbXViIy4uUAA8L,🙂,1683724109786
645a47551ea2ae40b211ca64,1MS8LPJbXViIy4uUAA8L,👍,1683724054872
645a47551ea2ae40b211ca64,Hi37uFV96WEnZBn0AA9z,👍,1683724003212
645a47551ea2ae40b211ca64,_qhi47eDaqRSBoDlAA5_,🙂,1683723993666
645a47551ea2ae40b211ca64,ThGkcRXxQCkXP2dHAA8y,👏,1683723987534
645a47551ea2ae40b211ca64,ThGkcRXxQCkXP2dHAA8y,👏,1683723987534
645a47551ea2ae40b211ca64,ThGkcRXxQCkXP2dHAA8y,👏,1683723983967
645a47551ea2ae40b211ca64,ThGkcRXxQCkXP2dHAA8y,👏,1683723983149
645a47551ea2ae40b211ca64,ThGkcRXxQCkXP2dHAA8y,👏,1683723981859
645a47551ea2ae40b211ca64,ej8H19DNL9Hun9-gAA8u,🙄,1683723937057
645a47551ea2ae40b211ca64,VHpbAAObVI_D9nPxAA9n,🙄,1683723924476
645a47551ea2ae40b211ca64,VHpbAAObVI_D9nPxAA9n,👎,1683723924279
645a47551ea2ae40b211ca64,VHpbAAObVI_D9nPxAA9n,🙂,1683723924087
645a47551ea2ae40b211ca64,VHpbAAObVI_D9nPxAA9n,🙁,1683723923862
645a47551ea2ae40b211ca64,O8PhrTIf07q5_naOAA9j,🙂,1683723876778
645a47551ea2ae40b211ca64,soiaiOt9T1ER7HaPAA9h,👍,1683723871684
645a47551ea2ae40b211ca64,Zk4qz-yiqiweLL-JAA9e,👏,1683723869528
645a47551ea2ae40b211ca64,Zk4qz-yiqiweLL-JAA9e,🙂,1683723867976
645a47551ea2ae40b211ca64,d4k5xU1TMwRD76b-AA9W,👍,1683723814107
645a47551ea2ae40b211ca64,EToLVSpQqZZQNjOfAA9c,👎,1683723807547
645a47551ea2ae40b211ca64,kBkQLUiqvb3CI2SqAA5l,👍,1683723794342
645a47551ea2ae40b211ca64,1MS8LPJbXViIy4uUAA8L,👏,1683723777408
645a47551ea2ae40b211ca64,1MS8LPJbXViIy4uUAA8L,👍,1683723776607
645a47551ea2ae40b211ca64,kBkQLUiqvb3CI2SqAA5l,👍,1683723761810
645a47551ea2ae40b211ca64,h7ZqCEz5PSTOLlTLAA9K,🙁,1683723729887
645a47551ea2ae40b211ca64,h7ZqCEz5PSTOLlTLAA9K,🙂,1683723728625
645a47551ea2ae40b211ca64,h7ZqCEz5PSTOLlTLAA9K,👎,1683723727556
645a47551ea2ae40b211ca64,h7ZqCEz5PSTOLlTLAA9K,🙄,1683723726232
645a47551ea2ae40b211ca64,h7ZqCEz5PSTOLlTLAA9K,👍,1683723724900
645a47551ea2ae40b211ca64,h7ZqCEz5PSTOLlTLAA9K,👏,1683723723821
645a47551ea2ae40b211ca64,_qhi47eDaqRSBoDlAA5_,👍,1683723695080
645a47551ea2ae40b211ca64,1MS8LPJbXViIy4uUAA8L,🙁,1683723684495
645a47551ea2ae40b211ca64,91Uf4OeV2KkoNpCtAA81,👍,1683723667933
645a47551ea2ae40b211ca64,vBvZ1Uok_vvm8TL7AA86,🙂,1683723663559
645a47551ea2ae40b211ca64,vBvZ1Uok_vvm8TL7AA86,🙂,1683723662597
645a47551ea2ae40b211ca64,vBvZ1Uok_vvm8TL7AA86,🙂,1683723662597
645a47551ea2ae40b211ca64,vBvZ1Uok_vvm8TL7AA86,🙂,1683723662597
645a47551ea2ae40b211ca64,vBvZ1Uok_vvm8TL7AA86,🙂,1683723662596
645a47551ea2ae40b211ca64,vBvZ1Uok_vvm8TL7AA86,🙂,1683723662339
645a47551ea2ae40b211ca64,vBvZ1Uok_vvm8TL7AA86,🙂,1683723662338
645a47551ea2ae40b211ca64,vBvZ1Uok_vvm8TL7AA86,🙂,1683723662338
645a47551ea2ae40b211ca64,vBvZ1Uok_vvm8TL7AA86,🙂,1683723662338
645a47551ea2ae40b211ca64,vBvZ1Uok_vvm8TL7AA86,🙂,1683723662337
645a47551ea2ae40b211ca64,vBvZ1Uok_vvm8TL7AA86,🙂,1683723662337
645a47551ea2ae40b211ca64,vBvZ1Uok_vvm8TL7AA86,🙂,1683723662336
645a47551ea2ae40b211ca64,vBvZ1Uok_vvm8TL7AA86,🙂,1683723661646
645a47551ea2ae40b211ca64,vBvZ1Uok_vvm8TL7AA86,🙂,1683723661646
645a47551ea2ae40b211ca64,vBvZ1Uok_vvm8TL7AA86,🙂,1683723661645
645a47551ea2ae40b211ca64,vBvZ1Uok_vvm8TL7AA86,🙂,1683723661645
645a47551ea2ae40b211ca64,vBvZ1Uok_vvm8TL7AA86,🙂,1683723661645
645a47551ea2ae40b211ca64,vBvZ1Uok_vvm8TL7AA86,🙂,1683723661645
645a47551ea2ae40b211ca64,vBvZ1Uok_vvm8TL7AA86,🙂,1683723661644
645a47551ea2ae40b211ca64,vBvZ1Uok_vvm8TL7AA86,🙂,1683723660342
645a47551ea2ae40b211ca64,vBvZ1Uok_vvm8TL7AA86,🙂,1683723660342
645a47551ea2ae40b211ca64,vBvZ1Uok_vvm8TL7AA86,🙂,1683723660342
645a47551ea2ae40b211ca64,vBvZ1Uok_vvm8TL7AA86,🙂,1683723660341
645a47551ea2ae40b211ca64,vBvZ1Uok_vvm8TL7AA86,🙂,1683723660341
645a47551ea2ae40b211ca64,vBvZ1Uok_vvm8TL7AA86,🙂,1683723658894
645a47551ea2ae40b211ca64,vBvZ1Uok_vvm8TL7AA86,🙂,1683723658894
645a47551ea2ae40b211ca64,vBvZ1Uok_vvm8TL7AA86,🙂,1683723658893
645a47551ea2ae40b211ca64,vBvZ1Uok_vvm8TL7AA86,🙂,1683723658247
645a47551ea2ae40b211ca64,vBvZ1Uok_vvm8TL7AA86,🙂,1683723658247
645a47551ea2ae40b211ca64,vBvZ1Uok_vvm8TL7AA86,🙂,1683723657836
645a47551ea2ae40b211ca64,vBvZ1Uok_vvm8TL7AA86,🙂,1683723657836
645a47551ea2ae40b211ca64,vBvZ1Uok_vvm8TL7AA86,🙂,1683723657544
645a47551ea2ae40b211ca64,vBvZ1Uok_vvm8TL7AA86,🙂,1683723657544
645a47551ea2ae40b211ca64,vBvZ1Uok_vvm8TL7AA86,🙂,1683723657543
645a47551ea2ae40b211ca64,vBvZ1Uok_vvm8TL7AA86,🙂,1683723657084
645a47551ea2ae40b211ca64,vBvZ1Uok_vvm8TL7AA86,🙂,1683723657084
645a47551ea2ae40b211ca64,vBvZ1Uok_vvm8TL7AA86,🙂,1683723657084
645a47551ea2ae40b211ca64,vBvZ1Uok_vvm8TL7AA86,🙂,1683723657084
645a47551ea2ae40b211ca64,vBvZ1Uok_vvm8TL7AA86,🙂,1683723657083
645a47551ea2ae40b211ca64,vBvZ1Uok_vvm8TL7AA86,🙂,1683723657083
645a47551ea2ae40b211ca64,vBvZ1Uok_vvm8TL7AA86,🙂,1683723657083
645a47551ea2ae40b211ca64,vBvZ1Uok_vvm8TL7AA86,🙂,1683723655704
645a47551ea2ae40b211ca64,vBvZ1Uok_vvm8TL7AA86,🙂,1683723655704
645a47551ea2ae40b211ca64,vBvZ1Uok_vvm8TL7AA86,🙂,1683723655349
645a47551ea2ae40b211ca64,vBvZ1Uok_vvm8TL7AA86,🙂,1683723655349
645a47551ea2ae40b211ca64,vBvZ1Uok_vvm8TL7AA86,🙂,1683723655004
645a47551ea2ae40b211ca64,vBvZ1Uok_vvm8TL7AA86,🙂,1683723655004
645a47551ea2ae40b211ca64,vBvZ1Uok_vvm8TL7AA86,🙂,1683723655003
645a47551ea2ae40b211ca64,vBvZ1Uok_vvm8TL7AA86,🙂,1683723655003
645a47551ea2ae40b211ca64,vBvZ1Uok_vvm8TL7AA86,🙂,1683723654416
645a47551ea2ae40b211ca64,vBvZ1Uok_vvm8TL7AA86,🙂,1683723654416
645a47551ea2ae40b211ca64,vBvZ1Uok_vvm8TL7AA86,🙂,1683723654416
645a47551ea2ae40b211ca64,vBvZ1Uok_vvm8TL7AA86,🙂,1683723654415
645a47551ea2ae40b211ca64,vBvZ1Uok_vvm8TL7AA86,🙂,1683723654010
645a47551ea2ae40b211ca64,vBvZ1Uok_vvm8TL7AA86,🙂,1683723653428
645a47551ea2ae40b211ca64,vBvZ1Uok_vvm8TL7AA86,🙂,1683723653427
645a47551ea2ae40b211ca64,vBvZ1Uok_vvm8TL7AA86,🙂,1683723653427
645a47551ea2ae40b211ca64,vBvZ1Uok_vvm8TL7AA86,🙂,1683723653240
645a47551ea2ae40b211ca64,vBvZ1Uok_vvm8TL7AA86,🙂,1683723652844
645a47551ea2ae40b211ca64,vBvZ1Uok_vvm8TL7AA86,🙂,1683723652843
645a47551ea2ae40b211ca64,vBvZ1Uok_vvm8TL7AA86,🙂,1683723652346
645a47551ea2ae40b211ca64,vBvZ1Uok_vvm8TL7AA86,🙂,1683723652346
645a47551ea2ae40b211ca64,vBvZ1Uok_vvm8TL7AA86,🙂,1683723652346
645a47551ea2ae40b211ca64,vBvZ1Uok_vvm8TL7AA86,🙂,1683723651811
645a47551ea2ae40b211ca64,vBvZ1Uok_vvm8TL7AA86,🙂,1683723651100
645a47551ea2ae40b211ca64,vBvZ1Uok_vvm8TL7AA86,🙂,1683723649966
645a47551ea2ae40b211ca64,vBvZ1Uok_vvm8TL7AA86,🙂,1683723648257
645a47551ea2ae40b211ca64,kBkQLUiqvb3CI2SqAA5l,🙂,1683723621260
645a47551ea2ae40b211ca64,GN5LedwnHY4a9u8JAA6b,👏,1683723612851
645a47551ea2ae40b211ca64,GN5LedwnHY4a9u8JAA6b,🙂,1683723612657
645a47551ea2ae40b211ca64,GN5LedwnHY4a9u8JAA6b,🙂,1683723612657
645a47551ea2ae40b211ca64,GN5LedwnHY4a9u8JAA6b,🙂,1683723612313
645a47551ea2ae40b211ca64,GN5LedwnHY4a9u8JAA6b,🙂,1683723612313
645a47551ea2ae40b211ca64,GN5LedwnHY4a9u8JAA6b,🙂,1683723612070
645a47551ea2ae40b211ca64,GN5LedwnHY4a9u8JAA6b,🙂,1683723611730
645a47551ea2ae40b211ca64,ThGkcRXxQCkXP2dHAA8y,👏,1683723611362
645a47551ea2ae40b211ca64,GN5LedwnHY4a9u8JAA6b,👏,1683723611054
645a47551ea2ae40b211ca64,ThGkcRXxQCkXP2dHAA8y,👍,1683723609486
645a47551ea2ae40b211ca64,w6BndlFCtxSEuwJsAA8P,👍,1683723598794
645a47551ea2ae40b211ca64,4dWda9DN8wXULP7aAA8w,👍,1683723580276
645a47551ea2ae40b211ca64,_qhi47eDaqRSBoDlAA5_,🙂,1683723571798
645a47551ea2ae40b211ca64,GN5LedwnHY4a9u8JAA6b,🙄,1683723559235
645a47551ea2ae40b211ca64,GN5LedwnHY4a9u8JAA6b,🙄,1683723559051
645a47551ea2ae40b211ca64,GN5LedwnHY4a9u8JAA6b,🙄,1683723559051
645a47551ea2ae40b211ca64,GN5LedwnHY4a9u8JAA6b,🙄,1683723558863
645a47551ea2ae40b211ca64,GN5LedwnHY4a9u8JAA6b,🙄,1683723558562
645a47551ea2ae40b211ca64,GN5LedwnHY4a9u8JAA6b,🙄,1683723554304
645a47551ea2ae40b211ca64,GN5LedwnHY4a9u8JAA6b,🙄,1683723546392
645a47551ea2ae40b211ca64,GN5LedwnHY4a9u8JAA6b,🙂,1683723542181
645a47551ea2ae40b211ca64,GN5LedwnHY4a9u8JAA6b,🙄,1683723527175
645a47551ea2ae40b211ca64,_s5tTjqNKwyCc8RFAA8q,👍,1683723521418
645a47551ea2ae40b211ca64,_s5tTjqNKwyCc8RFAA8q,👍,1683723521418
645a47551ea2ae40b211ca64,_s5tTjqNKwyCc8RFAA8q,👍,1683723521418
645a47551ea2ae40b211ca64,_s5tTjqNKwyCc8RFAA8q,👍,1683723521418
645a47551ea2ae40b211ca64,_s5tTjqNKwyCc8RFAA8q,👍,1683723521417
645a47551ea2ae40b211ca64,_s5tTjqNKwyCc8RFAA8q,👍,1683723520639
645a47551ea2ae40b211ca64,O-VOuXqdeZPUqHo_AA8I,🙁,1683723506596
645a47551ea2ae40b211ca64,kBkQLUiqvb3CI2SqAA5l,👍,1683723502701
645a47551ea2ae40b211ca64,63QbntmmfAj0XdNBAA8Z,👍,1683723482989
645a47551ea2ae40b211ca64,kBkQLUiqvb3CI2SqAA5l,👍,1683723441138
645a47551ea2ae40b211ca64,_8E0VxnP-x3oNdP9AA7O,👍,1683723438508
645a47551ea2ae40b211ca64,HUYj0Prx6h75rvUJAA7c,👍,1683723400084
645a47551ea2ae40b211ca64,_qhi47eDaqRSBoDlAA5_,👏,1683723398391
645a47551ea2ae40b211ca64,HUYj0Prx6h75rvUJAA7c,🙂,1683723393245
645a47551ea2ae40b211ca64,BioGKBSD5-ilocSZAA6w,👍,1683723342712
645a47551ea2ae40b211ca64,ygeBkuDzh32ip5eeAA59,👍,1683723337689
645a47551ea2ae40b211ca64,Pt_ZGhBFprne3x4eAA74,🙁,1683723329617
645a47551ea2ae40b211ca64,LlRpjTP8NS31wXFeAA5Z,👍,1683723326564
645a47551ea2ae40b211ca64,GN5LedwnHY4a9u8JAA6b,👍,1683723321792
645a47551ea2ae40b211ca64,GN5LedwnHY4a9u8JAA6b,👍,1683723321279
645a47551ea2ae40b211ca64,ygeBkuDzh32ip5eeAA59,👍,1683723320355
645a47551ea2ae40b211ca64,GN5LedwnHY4a9u8JAA6b,🙂,1683723312567
645a47551ea2ae40b211ca64,eRC_n4dY_t-Rg7RNAA7h,👍,1683723301391
645a47551ea2ae40b211ca64,G1v36zATLIoT6Og8AA7z,👏,1683723296178
645a47551ea2ae40b211ca64,GN5LedwnHY4a9u8JAA6b,🙂,1683723292345
645a47551ea2ae40b211ca64,79YhPzMrWMpyd_09AA6e,👍,1683723262263
645a47551ea2ae40b211ca64,C0Ilp7_As4GmTB0FAA7i,🙄,1683723260171
645a47551ea2ae40b211ca64,HUYj0Prx6h75rvUJAA7c,👏,1683723253267
645a47551ea2ae40b211ca64,AU-twY1cMk2lO4TvAA7S,👍,1683723246592
645a47551ea2ae40b211ca64,_4ywhLN-TZII5WORAA4s,👍,1683723223228
645a47551ea2ae40b211ca64,_4ywhLN-TZII5WORAA4s,👍,1683723223058
645a47551ea2ae40b211ca64,_4ywhLN-TZII5WORAA4s,👍,1683723223058
645a47551ea2ae40b211ca64,_4ywhLN-TZII5WORAA4s,👍,1683723223057
645a47551ea2ae40b211ca64,_4ywhLN-TZII5WORAA4s,👍,1683723220638
645a47551ea2ae40b211ca64,TrH7zYjFL-Lb5w4yAA7V,👍,1683723208330
645a47551ea2ae40b211ca64,6wvFK50ORA45elmIAA62,👍,1683723187224
645a47551ea2ae40b211ca64,_8E0VxnP-x3oNdP9AA7O,🙄,1683723182994
645a47551ea2ae40b211ca64,_qhi47eDaqRSBoDlAA5_,👍,1683723180653
645a47551ea2ae40b211ca64,mmcM8Yr2TIsDuAobAA6y,👎,1683723179978
645a47551ea2ae40b211ca64,6wvFK50ORA45elmIAA62,👎,1683723157477
645a47551ea2ae40b211ca64,kBkQLUiqvb3CI2SqAA5l,🙄,1683723147947
645a47551ea2ae40b211ca64,BioGKBSD5-ilocSZAA6w,👍,1683723141271
645a47551ea2ae40b211ca64,mmcM8Yr2TIsDuAobAA6y,🙁,1683723128828
645a47551ea2ae40b211ca64,mmcM8Yr2TIsDuAobAA6y,👎,1683723118936
645a47551ea2ae40b211ca64,mmcM8Yr2TIsDuAobAA6y,👎,1683723109395
645a47551ea2ae40b211ca64,6wvFK50ORA45elmIAA62,👎,1683723107620
645a47551ea2ae40b211ca64,BioGKBSD5-ilocSZAA6w,🙂,1683723105256
645a47551ea2ae40b211ca64,HM5tptkQ9Tk6WhTSAA6u,👍,1683723098362
645a47551ea2ae40b211ca64,_joJLkO6ZmHgn53HAA6q,👍,1683723072689
645a47551ea2ae40b211ca64,uc5ZkzyHqaN_lEahAA5h,👍,1683723052057
645a47551ea2ae40b211ca64,stOOOamI25gou0LEAA5e,🙂,1683722984845
645a47551ea2ae40b211ca64,BnSoqa4Xw4RQtMxxAA4f,🙂,1683722978716
645a47551ea2ae40b211ca64,BnSoqa4Xw4RQtMxxAA4f,🙂,1683722978716
645a47551ea2ae40b211ca64,BnSoqa4Xw4RQtMxxAA4f,🙂,1683722978716
645a47551ea2ae40b211ca64,BnSoqa4Xw4RQtMxxAA4f,🙂,1683722978716
645a47551ea2ae40b211ca64,BnSoqa4Xw4RQtMxxAA4f,🙂,1683722978715
645a47551ea2ae40b211ca64,BnSoqa4Xw4RQtMxxAA4f,🙂,1683722978148
645a47551ea2ae40b211ca64,yDppJMrV77hzkFDiAA5m,👏,1683722970422
645a47551ea2ae40b211ca64,ypfuDRvT4STHe3ABAA58,👏,1683722969941
645a47551ea2ae40b211ca64,ypfuDRvT4STHe3ABAA58,👍,1683722966506
645a47551ea2ae40b211ca64,GIC-wnafXO1uVjlSAA5J,👏,1683722966080
645a47551ea2ae40b211ca64,uc5ZkzyHqaN_lEahAA5h,🙂,1683722962994
645a47551ea2ae40b211ca64,yDppJMrV77hzkFDiAA5m,🙄,1683722962748
645a47551ea2ae40b211ca64,_4ywhLN-TZII5WORAA4s,👍,1683722958537
645a47551ea2ae40b211ca64,_4ywhLN-TZII5WORAA4s,👍,1683722955307
645a47551ea2ae40b211ca64,lq997a43iApja5W8AA5x,🙁,1683722939277
645a47551ea2ae40b211ca64,YWxq8DBEpz6oCv2YAA5X,🙂,1683722930678
645a47551ea2ae40b211ca64,uc5ZkzyHqaN_lEahAA5h,👏,1683722929109
645a47551ea2ae40b211ca64,YWxq8DBEpz6oCv2YAA5X,🙂,1683722928428
645a47551ea2ae40b211ca64,yDppJMrV77hzkFDiAA5m,🙂,1683722924842
645a47551ea2ae40b211ca64,H7Ssz8fNHP-5qLUoAA5q,👍,1683722919298
645a47551ea2ae40b211ca64,iTZq3b1vCVNqXekJAA5E,👍,1683722918511
645a47551ea2ae40b211ca64,yDppJMrV77hzkFDiAA5m,👍,1683722918398
645a47551ea2ae40b211ca64,YWxq8DBEpz6oCv2YAA5X,👏,1683722914244
645a47551ea2ae40b211ca64,BnSoqa4Xw4RQtMxxAA4f,👏,1683722897007
645a47551ea2ae40b211ca64,BnSoqa4Xw4RQtMxxAA4f,👎,1683722897007
645a47551ea2ae40b211ca64,BnSoqa4Xw4RQtMxxAA4f,👍,1683722897006
645a47551ea2ae40b211ca64,iTZq3b1vCVNqXekJAA5E,👍,1683722896662
645a47551ea2ae40b211ca64,BnSoqa4Xw4RQtMxxAA4f,🙄,1683722891825
645a47551ea2ae40b211ca64,BnSoqa4Xw4RQtMxxAA4f,🙁,1683722891390
645a47551ea2ae40b211ca64,BnSoqa4Xw4RQtMxxAA4f,🙂,1683722891177
645a47551ea2ae40b211ca64,BnSoqa4Xw4RQtMxxAA4f,👍,1683722881996
645a47551ea2ae40b211ca64,BnSoqa4Xw4RQtMxxAA4f,🙂,1683722881810
645a47551ea2ae40b211ca64,BnSoqa4Xw4RQtMxxAA4f,🙁,1683722877743
645a47551ea2ae40b211ca64,_4ywhLN-TZII5WORAA4s,👍,1683722876562
645a47551ea2ae40b211ca64,BnSoqa4Xw4RQtMxxAA4f,🙄,1683722868329
645a47551ea2ae40b211ca64,BnSoqa4Xw4RQtMxxAA4f,🙂,1683722868329
645a47551ea2ae40b211ca64,BnSoqa4Xw4RQtMxxAA4f,👎,1683722867789
645a47551ea2ae40b211ca64,BnSoqa4Xw4RQtMxxAA4f,👍,1683722867194
645a47551ea2ae40b211ca64,BnSoqa4Xw4RQtMxxAA4f,👏,1683722866945
645a47551ea2ae40b211ca64,BnSoqa4Xw4RQtMxxAA4f,🙁,1683722866370
645a47551ea2ae40b211ca64,XumTB3W236uNKmEdAA36,👍,1683722856763
645a47551ea2ae40b211ca64,BnSoqa4Xw4RQtMxxAA4f,🙁,1683722853788
645a47551ea2ae40b211ca64,BnSoqa4Xw4RQtMxxAA4f,🙄,1683722851531
645a47551ea2ae40b211ca64,BnSoqa4Xw4RQtMxxAA4f,🙂,1683722849026
645a47551ea2ae40b211ca64,mc8RDnMHYW2-76qxAA4g,😍,1683722841384
645a47551ea2ae40b211ca64,wzR14JTCA6RpkpM9AA4Q,😆,1683722772131
645a47551ea2ae40b211ca64,wzR14JTCA6RpkpM9AA4Q,😍,1683722770881
645a47551ea2ae40b211ca64,dvBrDZG4F5_8Ll9NAA4C,🙂,1683722731703
645a47551ea2ae40b211ca64,dvBrDZG4F5_8Ll9NAA4C,🙂,1683722731702
645a47551ea2ae40b211ca64,dvBrDZG4F5_8Ll9NAA4C,👍,1683722731702
645a47551ea2ae40b211ca64,dvBrDZG4F5_8Ll9NAA4C,👍,1683722731702
645a47551ea2ae40b211ca64,dvBrDZG4F5_8Ll9NAA4C,🙂,1683722731702
645a47551ea2ae40b211ca64,dvBrDZG4F5_8Ll9NAA4C,🙂,1683722731701
645a47551ea2ae40b211ca64,dvBrDZG4F5_8Ll9NAA4C,👍,1683722731701
645a47551ea2ae40b211ca64,dvBrDZG4F5_8Ll9NAA4C,🙄,1683722731701
645a47551ea2ae40b211ca64,dvBrDZG4F5_8Ll9NAA4C,👍,1683722731701
645a47551ea2ae40b211ca64,dvBrDZG4F5_8Ll9NAA4C,👎,1683722731700
645a47551ea2ae40b211ca64,dvBrDZG4F5_8Ll9NAA4C,👍,1683722726394
645a47551ea2ae40b211ca64,E0KntH1BMwkzHNXaAA4E,👍,1683722724846
645a47551ea2ae40b211ca64,E0KntH1BMwkzHNXaAA4E,👍,1683722722942
645a47551ea2ae40b211ca64,dvBrDZG4F5_8Ll9NAA4C,🙄,1683722721018
645a47551ea2ae40b211ca64,E0KntH1BMwkzHNXaAA4E,👍,1683722720570
645a47551ea2ae40b211ca64,dvBrDZG4F5_8Ll9NAA4C,🙄,1683722715857
645a47551ea2ae40b211ca64,6rRi9ArnFx75leklAA3_,👍,1683722715806
645a47551ea2ae40b211ca64,cABWkoPUxh_-oC6EAA31,👍,1683722708226
645a47551ea2ae40b211ca64,ebgh8M-1AKNhaEjwAA38,🙂,1683722706910
645a47551ea2ae40b211ca64,6rRi9ArnFx75leklAA3_,👍,1683722706881
645a47551ea2ae40b211ca64,6AZnScvTFT84JiT7AA3x,🙁,1683722697752
645a47551ea2ae40b211ca64,asp-jY7uxAKLMfb1AA3r,🙁,1683722691252
645a47551ea2ae40b211ca64,asp-jY7uxAKLMfb1AA3r,👍,1683722688002
645a47551ea2ae40b211ca64,KKgoiglFyQXqqkr1AA3l,🙂,1683722681355
645a47551ea2ae40b211ca64,asp-jY7uxAKLMfb1AA3r,👏,1683722674618
645a47551ea2ae40b211ca64,KKgoiglFyQXqqkr1AA3l,👏,1683722672466
645a47551ea2ae40b211ca64,KKgoiglFyQXqqkr1AA3l,👍,1683722668115
